{
	"parent": "item/generated",
	"textures": {
		"layer0": "item/diamond_sword"
	},
	"overrides": [
	    {"predicate": {"custom_model_data":0}, "model": "item/diamond_sword"},
		{"predicate": {"custom_model_data":1}, "model": "item/test_sword"},
        {"predicate": {"custom_model_data":2}, "model": "item/items/emerald_sword"},
        {"predicate": {"custom_model_data":3}, "model": "item/items/obsidian_sword"},
        {"predicate": {"custom_model_data":500}, "model": "item/items/excalibur"}		
	]
}
