{
	"parent": "item/generated",
	"textures": {
		"layer0": "item/diamond_sword"
	},
	"overrides": [
	    {"predicate": {"custom_model_data":0}, "model": "item/items/diamond_sword"},
		{"predicate": {"custom_model_data":1}, "model": "item/test_sword"},
        {"predicate": {"custom_model_data":2}, "model": "item/items/emerald_sword"},
		{"predicate": {"custom_model_data":3}, "model": "item/items/rubis_sword"},
        {"predicate": {"custom_model_data":4}, "model": "item/items/obsidian_sword"},
		{"predicate": {"custom_model_data":5}, "model": "item/items/bedrock_sword"},
        {"predicate": {"custom_model_data":6}, "model": "item/items/rainbow_sword"},
        {"predicate": {"custom_model_data":500}, "model": "item/items/excalibur_sword"},
        {"predicate": {"custom_model_data":501}, "model": "item/items/buster_sword"},	
        {"predicate": {"custom_model_data":502}, "model": "item/items/the_master_sword"},
        {"predicate": {"custom_model_data":503}, "model": "item/items/tempered_sword"},
        {"predicate": {"custom_model_data":504}, "model": "item/items/soulshard_sword"},
        {"predicate": {"custom_model_data":505}, "model": "item/items/serenity_sword"},
        {"predicate": {"custom_model_data":506}, "model": "item/items/requiem_sword"},
        {"predicate": {"custom_model_data":507}, "model": "item/items/nightmare_sword"},	
        {"predicate": {"custom_model_data":508}, "model": "item/items/necrolight_sword"},
        {"predicate": {"custom_model_data":509}, "model": "item/items/lich_sword"},	
        {"predicate": {"custom_model_data":510}, "model": "item/items/frostward_sword"},	
        {"predicate": {"custom_model_data":511}, "model": "item/items/doombinder_sword"},	
        {"predicate": {"custom_model_data":512}, "model": "item/items/dimensional_sword"},	
        {"predicate": {"custom_model_data":513}, "model": "item/items/conqueror_sword"},	
        {"predicate": {"custom_model_data":515}, "model": "item/items/excalibur_sword"}
	]
}
