{
	"parent": "item/generated",
	"textures": {
		"layer0": "item/diamond_hoe"
	},
	"overrides": [
	    {"predicate": {"custom_model_data":0}, "model": "item/items/diamond_hoe"},
		{"predicate": {"custom_model_data":1}, "model": "item/test_hoe"},
        {"predicate": {"custom_model_data":2}, "model": "item/items/emerald_hoe"},
		{"predicate": {"custom_model_data":3}, "model": "item/items/rubis_hoe"},
        {"predicate": {"custom_model_data":4}, "model": "item/items/obsidian_hoe"}	
	]
}
