{
    "parent": "item/generated",
    "textures": {
        "layer0": "item/clay_ball"
    },
	"overrides": [
		{ "predicate": {"custom_model_data": 1001}, "model": "block/mushroom/001"},
		{ "predicate": {"custom_model_data": 1002}, "model": "block/mushroom/002"},
		{ "predicate": {"custom_model_data": 1003}, "model": "block/mushroom/003"},
		{ "predicate": {"custom_model_data": 1004}, "model": "block/mushroom/004"},
		{ "predicate": {"custom_model_data": 1005}, "model": "block/mushroom/005"},
		{ "predicate": {"custom_model_data": 1006}, "model": "block/mushroom/006"},
		{ "predicate": {"custom_model_data": 1007}, "model": "block/mushroom/007"},
		{ "predicate": {"custom_model_data": 1008}, "model": "block/mushroom/008"},
		{ "predicate": {"custom_model_data": 1009}, "model": "block/mushroom/009"},
		{ "predicate": {"custom_model_data": 1010}, "model": "block/mushroom/010"},
		{ "predicate": {"custom_model_data": 1011}, "model": "block/mushroom/011"},
		{ "predicate": {"custom_model_data": 1012}, "model": "block/mushroom/012"},
		{ "predicate": {"custom_model_data": 1013}, "model": "block/mushroom/013"},
		{ "predicate": {"custom_model_data": 1014}, "model": "block/mushroom/014"},
		{ "predicate": {"custom_model_data": 1015}, "model": "block/mushroom/015"},
		{ "predicate": {"custom_model_data": 1016}, "model": "block/mushroom/016"},
		{ "predicate": {"custom_model_data": 1017}, "model": "block/mushroom/017"},
		{ "predicate": {"custom_model_data": 1018}, "model": "block/mushroom/018"},
		{ "predicate": {"custom_model_data": 1019}, "model": "block/mushroom/019"},
		{ "predicate": {"custom_model_data": 1020}, "model": "block/mushroom/020"},
		{ "predicate": {"custom_model_data": 1021}, "model": "block/mushroom/021"},
		{ "predicate": {"custom_model_data": 1022}, "model": "block/mushroom/022"},
		{ "predicate": {"custom_model_data": 1023}, "model": "block/mushroom/023"},
		{ "predicate": {"custom_model_data": 1024}, "model": "block/mushroom/024"},
		{ "predicate": {"custom_model_data": 1025}, "model": "block/mushroom/025"},
		{ "predicate": {"custom_model_data": 1026}, "model": "block/mushroom/026"},
		{ "predicate": {"custom_model_data": 1027}, "model": "block/mushroom/027"},
		{ "predicate": {"custom_model_data": 1028}, "model": "block/mushroom/028"},
		{ "predicate": {"custom_model_data": 1029}, "model": "block/mushroom/029"},
		{ "predicate": {"custom_model_data": 1030}, "model": "block/mushroom/030"},
		{ "predicate": {"custom_model_data": 1031}, "model": "block/mushroom/031"},
		{ "predicate": {"custom_model_data": 1032}, "model": "block/mushroom/032"},
		{ "predicate": {"custom_model_data": 1033}, "model": "block/mushroom/033"},
		{ "predicate": {"custom_model_data": 1034}, "model": "block/mushroom/034"},
		{ "predicate": {"custom_model_data": 1035}, "model": "block/mushroom/035"},
		{ "predicate": {"custom_model_data": 1036}, "model": "block/mushroom/036"},
		{ "predicate": {"custom_model_data": 1037}, "model": "block/mushroom/037"},
		{ "predicate": {"custom_model_data": 1038}, "model": "block/mushroom/038"},
		{ "predicate": {"custom_model_data": 1039}, "model": "block/mushroom/039"},
		{ "predicate": {"custom_model_data": 1040}, "model": "block/mushroom/040"},
		{ "predicate": {"custom_model_data": 1041}, "model": "block/mushroom/041"},
		{ "predicate": {"custom_model_data": 1042}, "model": "block/mushroom/042"},
		{ "predicate": {"custom_model_data": 1043}, "model": "block/mushroom/043"},
		{ "predicate": {"custom_model_data": 1044}, "model": "block/mushroom/044"},
		{ "predicate": {"custom_model_data": 1045}, "model": "block/mushroom/045"},
		{ "predicate": {"custom_model_data": 1046}, "model": "block/mushroom/046"},
		{ "predicate": {"custom_model_data": 1047}, "model": "block/mushroom/047"},
		{ "predicate": {"custom_model_data": 1048}, "model": "block/mushroom/048"},
		{ "predicate": {"custom_model_data": 1049}, "model": "block/mushroom/049"},
		{ "predicate": {"custom_model_data": 1050}, "model": "block/mushroom/050"},
		{ "predicate": {"custom_model_data": 1051}, "model": "block/mushroom/051"},
		{ "predicate": {"custom_model_data": 1052}, "model": "block/mushroom/052"},
		{ "predicate": {"custom_model_data": 1053}, "model": "block/mushroom/053"},
		{ "predicate": {"custom_model_data": 1055}, "model": "block/mushroom/055"},
		{ "predicate": {"custom_model_data": 1056}, "model": "block/mushroom/056"},
		{ "predicate": {"custom_model_data": 1057}, "model": "block/mushroom/057"},
		{ "predicate": {"custom_model_data": 1058}, "model": "block/mushroom/058"},
		{ "predicate": {"custom_model_data": 1059}, "model": "block/mushroom/059"},
		{ "predicate": {"custom_model_data": 1060}, "model": "block/mushroom/060"},
		{ "predicate": {"custom_model_data": 1061}, "model": "block/mushroom/061"},
		{ "predicate": {"custom_model_data": 1062}, "model": "block/mushroom/062"},
		{ "predicate": {"custom_model_data": 1063}, "model": "block/mushroom/063"},
		{ "predicate": {"custom_model_data": 1064}, "model": "block/mushroom/064"},
		{ "predicate": {"custom_model_data": 1065}, "model": "block/mushroom/065"},
		{ "predicate": {"custom_model_data": 1066}, "model": "block/mushroom/066"},
		{ "predicate": {"custom_model_data": 1067}, "model": "block/mushroom/067"},
		{ "predicate": {"custom_model_data": 1068}, "model": "block/mushroom/068"},
		{ "predicate": {"custom_model_data": 1069}, "model": "block/mushroom/069"},
		{ "predicate": {"custom_model_data": 1070}, "model": "block/mushroom/070"},
		{ "predicate": {"custom_model_data": 1071}, "model": "block/mushroom/071"},
		{ "predicate": {"custom_model_data": 1072}, "model": "block/mushroom/072"},
		{ "predicate": {"custom_model_data": 1073}, "model": "block/mushroom/073"},
		{ "predicate": {"custom_model_data": 1074}, "model": "block/mushroom/074"},
		{ "predicate": {"custom_model_data": 1075}, "model": "block/mushroom/075"},
		{ "predicate": {"custom_model_data": 1076}, "model": "block/mushroom/076"},
		{ "predicate": {"custom_model_data": 1077}, "model": "block/mushroom/077"},
		{ "predicate": {"custom_model_data": 1078}, "model": "block/mushroom/078"},
		{ "predicate": {"custom_model_data": 1079}, "model": "block/mushroom/079"},
		{ "predicate": {"custom_model_data": 1080}, "model": "block/mushroom/080"},
		{ "predicate": {"custom_model_data": 1081}, "model": "block/mushroom/081"},
		{ "predicate": {"custom_model_data": 1082}, "model": "block/mushroom/082"},
		{ "predicate": {"custom_model_data": 1083}, "model": "block/mushroom/083"},
		{ "predicate": {"custom_model_data": 1084}, "model": "block/mushroom/084"},
		{ "predicate": {"custom_model_data": 1085}, "model": "block/mushroom/085"},
		{ "predicate": {"custom_model_data": 1086}, "model": "block/mushroom/086"},
		{ "predicate": {"custom_model_data": 1087}, "model": "block/mushroom/087"},
		{ "predicate": {"custom_model_data": 1088}, "model": "block/mushroom/088"},
		{ "predicate": {"custom_model_data": 1089}, "model": "block/mushroom/089"},
		{ "predicate": {"custom_model_data": 1090}, "model": "block/mushroom/090"},
		{ "predicate": {"custom_model_data": 1091}, "model": "block/mushroom/091"},
		{ "predicate": {"custom_model_data": 1092}, "model": "block/mushroom/092"},
		{ "predicate": {"custom_model_data": 1093}, "model": "block/mushroom/093"},
		{ "predicate": {"custom_model_data": 1094}, "model": "block/mushroom/094"},
		{ "predicate": {"custom_model_data": 1095}, "model": "block/mushroom/095"},
		{ "predicate": {"custom_model_data": 1096}, "model": "block/mushroom/096"},
		{ "predicate": {"custom_model_data": 1097}, "model": "block/mushroom/097"},
		{ "predicate": {"custom_model_data": 1098}, "model": "block/mushroom/098"},
		{ "predicate": {"custom_model_data": 1099}, "model": "block/mushroom/099"},
		{ "predicate": {"custom_model_data": 1100}, "model": "block/mushroom/100"},
		{ "predicate": {"custom_model_data": 1101}, "model": "block/mushroom/101"},
		{ "predicate": {"custom_model_data": 1102}, "model": "block/mushroom/102"},
		{ "predicate": {"custom_model_data": 1103}, "model": "block/mushroom/103"},
		{ "predicate": {"custom_model_data": 1104}, "model": "block/mushroom/104"},
		{ "predicate": {"custom_model_data": 1105}, "model": "block/mushroom/105"},
		{ "predicate": {"custom_model_data": 1106}, "model": "block/mushroom/106"},
		{ "predicate": {"custom_model_data": 1107}, "model": "block/mushroom/107"},
		{ "predicate": {"custom_model_data": 1108}, "model": "block/mushroom/108"},
		{ "predicate": {"custom_model_data": 1109}, "model": "block/mushroom/109"},
		{ "predicate": {"custom_model_data": 1110}, "model": "block/mushroom/110"},
		{ "predicate": {"custom_model_data": 1111}, "model": "block/mushroom/111"},
		{ "predicate": {"custom_model_data": 1112}, "model": "block/mushroom/112"},
		{ "predicate": {"custom_model_data": 1113}, "model": "block/mushroom/113"},
		{ "predicate": {"custom_model_data": 1114}, "model": "block/mushroom/114"},
		{ "predicate": {"custom_model_data": 1115}, "model": "block/mushroom/115"},
		{ "predicate": {"custom_model_data": 1116}, "model": "block/mushroom/116"},
		{ "predicate": {"custom_model_data": 1117}, "model": "block/mushroom/117"},
		{ "predicate": {"custom_model_data": 1118}, "model": "block/mushroom/118"},
		{ "predicate": {"custom_model_data": 1119}, "model": "block/mushroom/119"},
		{ "predicate": {"custom_model_data": 1120}, "model": "block/mushroom/120"},
		{ "predicate": {"custom_model_data": 1121}, "model": "block/mushroom/121"},
		{ "predicate": {"custom_model_data": 1122}, "model": "block/mushroom/122"},
		{ "predicate": {"custom_model_data": 1123}, "model": "block/mushroom/123"},
		{ "predicate": {"custom_model_data": 1124}, "model": "block/mushroom/124"},
		{ "predicate": {"custom_model_data": 1125}, "model": "block/mushroom/125"},
		{ "predicate": {"custom_model_data": 1126}, "model": "block/mushroom/126"},
		{ "predicate": {"custom_model_data": 1127}, "model": "block/mushroom/127"},
		{ "predicate": {"custom_model_data": 1128}, "model": "block/mushroom/128"},
		{ "predicate": {"custom_model_data": 1129}, "model": "block/mushroom/129"},
		{ "predicate": {"custom_model_data": 1130}, "model": "block/mushroom/130"},
		{ "predicate": {"custom_model_data": 1131}, "model": "block/mushroom/131"},
		{ "predicate": {"custom_model_data": 1132}, "model": "block/mushroom/132"},
		{ "predicate": {"custom_model_data": 1133}, "model": "block/mushroom/133"},
		{ "predicate": {"custom_model_data": 1134}, "model": "block/mushroom/134"},
		{ "predicate": {"custom_model_data": 1135}, "model": "block/mushroom/135"},
		{ "predicate": {"custom_model_data": 1136}, "model": "block/mushroom/136"},
		{ "predicate": {"custom_model_data": 1137}, "model": "block/mushroom/137"},
		{ "predicate": {"custom_model_data": 1138}, "model": "block/mushroom/138"},
		{ "predicate": {"custom_model_data": 1139}, "model": "block/mushroom/139"},
		{ "predicate": {"custom_model_data": 1140}, "model": "block/mushroom/140"},
		{ "predicate": {"custom_model_data": 1141}, "model": "block/mushroom/141"},
		{ "predicate": {"custom_model_data": 1142}, "model": "block/mushroom/142"},
		{ "predicate": {"custom_model_data": 1143}, "model": "block/mushroom/143"},
		{ "predicate": {"custom_model_data": 1144}, "model": "block/mushroom/144"},
		{ "predicate": {"custom_model_data": 1145}, "model": "block/mushroom/145"},
		{ "predicate": {"custom_model_data": 1146}, "model": "block/mushroom/146"},
		{ "predicate": {"custom_model_data": 1147}, "model": "block/mushroom/147"},
		{ "predicate": {"custom_model_data": 1148}, "model": "block/mushroom/148"},
		{ "predicate": {"custom_model_data": 1149}, "model": "block/mushroom/149"},
		{ "predicate": {"custom_model_data": 1150}, "model": "block/mushroom/150"},
		{ "predicate": {"custom_model_data": 1151}, "model": "block/mushroom/151"},
		{ "predicate": {"custom_model_data": 1152}, "model": "block/mushroom/152"},
		{ "predicate": {"custom_model_data": 1153}, "model": "block/mushroom/153"},
		{ "predicate": {"custom_model_data": 1154}, "model": "block/mushroom/154"},
		{ "predicate": {"custom_model_data": 1155}, "model": "block/mushroom/155"},
		{ "predicate": {"custom_model_data": 1156}, "model": "block/mushroom/156"},
		{ "predicate": {"custom_model_data": 1157}, "model": "block/mushroom/157"},
		{ "predicate": {"custom_model_data": 1158}, "model": "block/mushroom/158"},
		{ "predicate": {"custom_model_data": 1159}, "model": "block/mushroom/159"},
		{ "predicate": {"custom_model_data": 1160}, "model": "block/mushroom/160"}
	]
}
