{
	"parent": "item/generated",
	"textures": {
		"layer0": "item/diamond_hoe"
	},
	"overrides": [
	    {"predicate": {"custom_model_data":0}, "model": "item/items/diamond_hoe"},
		{"predicate": {"custom_model_data":1}, "model": "item/test_hoe"},
        {"predicate": {"custom_model_data":2}, "model": "item/items/emerald_hoe"},
		{"predicate": {"custom_model_data":3}, "model": "item/items/rubis_hoe"},
        {"predicate": {"custom_model_data":4}, "model": "item/items/obsidian_hoe"},
		{"predicate": {"custom_model_data":100}, "model": "item/items/wooden_dagger"},
        {"predicate": {"custom_model_data":101}, "model": "item/items/stone_dagger"},
		{"predicate": {"custom_model_data":102}, "model": "item/items/iron_dagger"},
        {"predicate": {"custom_model_data":103}, "model": "item/items/golden_dagger"},
        {"predicate": {"custom_model_data":104}, "model": "item/items/diamond_dagger"}		
	]
}
